npc_id,world_id,name_jp,name_en,role,dark_role,x,y,facing,npc_type,phase_count,clue_ids,shop_id,service_id,personality_note,initial_dialogue_jp,notes
NPC-VIL-001,VIL,ナツセ,Natsuse,長老,塔の名を避け家単位で人を記憶する,64,25,down,key,4,CL-002,,,"沈黙の体現者。怒るより先に確認する",北は今日はやめとけ。……風が変わった。,開始村
NPC-VIL-002,VIL,サエ,Sae,記録番,書き換えられた記録の中継点,58,38,down,key,4,"CL-003,CL-010",,,"几帳面だが核心で帳面を閉じる",札の寸法は昔から決まっている。誰が決めたかは知らん。,開始村
NPC-VIL-003,VIL,ドモン,Domon,畜舎主,梁の刻み傷と頭数が噛み合わない,29,31,right,key,4,CL-003,,,"寡黙で実直。数が合わないと黙る",朝の仕事だ。頭数を確かめてくれ。,開始村・チュートリアル
NPC-VIL-004,VIL,ミナワ,Minawa,井戸端の女,失踪を噂に落として共同体が飲み込んだ,44,31,left,key,4,"CL-004,CL-002",,,"噂好きだが核心には触れない",♪借りた名は朝に返す……あら、何の歌だっけ。,開始村
NPC-VIL-005,VIL,ヨヒラ,Yohira,子ども,大人が避ける言い回しを素で喋る,49,28,down,key,4,CL-004,,,"無邪気で禁句を平気で言う",あっちへ行くと人が減るんだって。,開始村
NPC-VIL-006,VIL,シズネ,Shizune,墓守,失踪者が死者として扱われていない,76,41,up,key,4,CL-005,,,"静かで丁寧。空碑を掃き続ける",まだ入れる名がないんだ。……待っているだけさ。,開始村
NPC-VIL-007,VIL,ヒサメ,Hisame,糸売り婆,家印布と門の文様が同じ寸法比,39,34,right,minor,4,CL-003,,,"手仕事の間に断片を漏らす",この糸目の規則を崩すと布が解ける。昔からそう。,開始村
NPC-VIL-008,VIL,カジ,Kaji,失踪者の家の嫁,表札だけ外された家を維持する,68,35,down,key,4,CL-001,,,"穏やかだが目を合わせない瞬間がある",前のものを外しただけ。……下？　知らない。,開始村
NPC-VIL-009,VIL,ガロ,Garo,北道の柵直し,柵が村人を行かせない向きに立つ,45,18,up,minor,4,CL-005,,,"実直な職人。言葉少な",柵は向こうのためじゃない。こっちのためだ。,開始村
NPC-VIL-010,VIL,レン,Ren,荷運び,外の町では塔を別名で呼ぶ,46,57,up,minor,4,,,,"外の世界を少し知っている",町ではあの建物を別の名で呼ぶんだ。ここだけだよ、あんなに嫌うのは。,開始村
NPC-VIL-011,VIL,フウ,Fuu,乳搾り手,家畜が塔側を見ないことに気づいている,27,28,right,minor,4,CL-003,,,"観察力がある若者",あの子たち、柵の北だけは毛を擦らないの。不思議でしょ。,開始村
NPC-VIL-012,VIL,マグサ,Magusa,猟師,失踪を「数え直された」と表現する,52,12,down,key,4,CL-002,,,"臆病だが事情通",消えた、じゃない。減った。……数え直されたんだ。,開始村
NPC-VIL-013,VIL,ツキヨ,Tsukiyo,道具屋の婆,村外の品に混じる異世界の痕跡を知る,50,34,down,merchant,2,,SHP-VIL-001,,"商売熱心だが古い品には妙に詳しい",いらっしゃい。……その札？　前の仕入れに混じってたんだよ。,開始村道具屋
NPC-VIL-014,VIL,タマキ,Tamaki,薬草婆,古い供養草の使い道を知る唯一の人,62,44,left,healer,2,,SHP-VIL-002,SVC-VIL-HEAL,"穏やかで少し耳が遠い",痛いところがあるなら診てやるよ。……塔の傷は、診れないけどね。,開始村回復屋
NPC-VIL-015,VIL,ゴンタ,Gonta,畜舎の手伝い,ドモンの甥。梁の傷を数えてしまった,32,29,left,minor,1,,,,"素直だが怖がり",おじさんが黙ってるとき、僕も黙るようにしてる。,開始村
NPC-VIL-016,VIL,ハナビ,Hanabi,洗い場の娘,井戸の水音が変わる夜がある,42,33,right,minor,1,,,,"明るいが夜の話を嫌がる",夜は井戸に近づかないの。水音が……変わるから。,開始村
NPC-VIL-017,VIL,コウヤ,Kouya,老大工,北道の古い杭を打ち直した経験がある,48,20,down,minor,2,CL-005,,,"頑固で口が悪い",杭を打ち直すたびに字が増える。誰が書いてるんだか。,開始村
NPC-VIL-018,VIL,ミツル,Mitsuru,旅の行商人,村に定期的に来る外部者,46,55,up,merchant,2,,SHP-VIL-003,,"愛想がいいが深入りしない",珍しいもの入ったよ。……この村、いつ来ても静かだねえ。,開始村・巡回商人
NPC-VIL-019,VIL,ユキエ,Yukie,カジの義母,失踪した息子のことを語らない,70,37,down,minor,2,CL-001,,,"寡黙で表情が薄い",……。あの子のことは聞かないで。,開始村
NPC-VIL-020,VIL,ソラ,Sora,走り回る子ども,ヨヒラの遊び相手,51,30,right,mob,1,,,,"元気だが大人の真似をする",ナツセばあちゃんが「数えるな」って言ってた！,開始村
NPC-W01-001,W-001,アヤ,Aya,継札番,所属を上書きする制度の入口,29,21,down,key,3,"CL-007,CL-008",,,"事務的だが根は優しい",借り名は三日で馴染む。……馴染まなかった人のことは、聞かないで。,名伏せの野
NPC-W01-002,W-001,ハギ,Hagi,柵守,柵は外敵より人を留めるため,19,25,right,key,3,CL-008,,,"寡黙な番人",柵の向きを見ろ。……外を防ぐ形じゃないだろ。,名伏せの野
NPC-W01-003,W-001,ネマ,Nema,鈴結い,鈴の音で個体を数える思想,36,18,left,key,3,CL-007,,,"穏やかで手仕事が好き",鈴を結ぶのは名前の代わり。音で誰か分かるようにね。,名伏せの野
NPC-W01-004,W-001,トロ,Toro,役名だけの少年,真名を知らされていない,24,28,down,key,4,CL-007,,,"好奇心旺盛で寂しがり",おれの名前？　「トロ」だよ。……本当の名前は知らない。,名伏せの野・clue直結
NPC-W01-005,W-001,カセ,Kase,外来の修繕屋,別世界の名隠し文化を知る,11,27,right,minor,2,,,,"飄々としたよそ者",どこへ行っても名前の扱いは面倒だ。ここだけじゃないさ。,名伏せの野
NPC-W01-006,W-001,ミシロ,Mishiro,祠番,儀式の意味を半分だけ知る,20,8,up,key,3,CL-009,,,"慎重で言葉を選ぶ",祠の奥は見ない方がいい。……理由は、半分しか知らない。,名伏せの野
NPC-W01-007,W-001,無銘の番人,Nameless Keeper,門前の無言者,失踪者の変奏を匂わせる存在,23,12,down,key,2,CL-009,,,"一切喋らない。身振りだけ",……。,名伏せの野・門前演出
NPC-W01-008,W-001,コマリ,Komari,牧童の娘,借り名の期限が近い子,32,24,left,minor,2,,,,"不安を隠して明るく振る舞う",あと七日で札が変わるの。……変わったら、前の私はどこへ行くんだろ。,名伏せの野
NPC-W01-009,W-001,ゲンバ,Genba,道具屋の老爺,札の素材を売りつつ制度を支える,30,20,down,merchant,2,,SHP-W01-001,,"ぶっきらぼうだが親切",札の木は選ばないと持たない。名前と同じだ。,名伏せの野・道具屋
NPC-W01-010,W-001,ヌイ,Nui,薬草売りの女,湿名の葦原の薬草を扱う,35,22,right,healer,2,,SHP-W01-002,SVC-W01-HEAL,"物静かで薬の知識が深い",葦原の草は名を吸う。だから効くんだよ。,名伏せの野・回復
NPC-W02-001,W-002,オオネ,Oone,第一母屋の当主,薄印の孫を別家の乳母線へ移した,28,18,down,key,3,CL-011,,,"威厳があり有無を言わせない",谷の筋は乳で決まる。それが嫌なら谷を出な。,灰乳の谷
NPC-W02-002,W-002,シキ,Shiki,乳母頭,借り乳布で判定を一度すり替えた,22,24,left,key,3,"CL-011,CL-012",,,"温かいが秘密を抱える",あの子を助けたのは間違いじゃなかった。……たぶん。,灰乳の谷
NPC-W02-003,W-002,トガ,Toga,灰挽き男,濃灰粉を裏で売り判定を揺らす,35,30,right,key,3,CL-012,,,"卑屈だが頭が切れる",灰の濃さなんて匙加減だ。誰もそれを言わないだけさ。,灰乳の谷
NPC-W02-004,W-002,ユナ,Yuna,谷下の娘,自分の灰印片に姉の幼名も記される,18,32,up,key,4,CL-012,,,"芯が強く反骨心がある",私の印に姉の名が混じってる。……どういう意味か、分かるでしょ。,灰乳の谷
NPC-W02-005,W-002,ムロ,Muro,乳搾り老人,判乳鉢の縁の減りに気づいている,26,28,down,minor,2,CL-055,,,"温厚だが観察力がある",鉢の縁がね、片方だけ薄いんだ。使い方が偏ってるのさ。,灰乳の谷
NPC-W02-006,W-002,ヨシ,Yoshi,乾酪売り,乳製品に灰印の色が残る,30,22,left,merchant,2,,SHP-W02-001,,"愛想がいい商売人",うちの酪は谷一番。……色が変わるのは塩のせいだよ、たぶん。,灰乳の谷・道具屋
NPC-W02-007,W-002,ツバキ,Tsubaki,産婆,判乳の手順を最もよく知る,20,20,right,healer,2,,SHP-W02-002,SVC-W02-HEAL,"厳格だが母性がある",三日待つのは決まりだ。……急かす家ほど、後で困る。,灰乳の谷・回復
NPC-W02-008,W-002,コガネ,Kogane,谷下の子ども,薄印を気にせず遊ぶ,16,34,down,mob,1,,,,"屈託がない",おねえちゃんの印、きれいな色だよ？　なんでダメなの？,灰乳の谷
NPC-W03-001,W-003,トモエ,Tomoe,宿の女将,溺死した息子の役名をまだ貸している,32,24,down,key,4,"CL-013,CL-056",,,"気丈で商売上手。息子の話だけ声が揺れる",お泊まりかい？　名前は……灯番号で結構だよ。,継灯の宿場
NPC-W03-002,W-003,カナギ,Kanagi,厩番,客の本名を兄の字で書く,18,30,right,key,3,CL-013,,,"内向的で兄への複雑な感情を持つ",馬の世話なら任せてくれ。……帳面の字？　兄の癖が抜けないんだ。,継灯の宿場
NPC-W03-003,W-003,ホソ,Hoso,写本師兼運脚仲介,逃亡者の役名を高値で転写する,40,20,left,key,3,CL-014,,,"人当たりよく腹黒い",写しは正確に。……ただし、元が正確かは知らないよ。,継灯の宿場
NPC-W03-004,W-003,ミレ,Mire,裏庭の寝具係,消えた客の荷から家書を抜いて読む,28,34,up,key,3,CL-013,,,"控えめだが好奇心が強い",消えた客の荷をまとめるの、私の仕事。……手紙だけは、読んじゃう。,継灯の宿場
NPC-W03-005,W-003,リキマル,Rikimaru,灯番,灯油の残量で客の滞在を管理する,36,22,down,minor,2,CL-056,,,"几帳面で融通が利かない",灯が消えたら出立。それが決まりだ。,継灯の宿場
NPC-W03-006,W-003,イナホ,Inaho,飯炊き女,宿の賄いをしつつ客の会話を聞く,30,26,right,minor,2,,,,"おしゃべりで情報通",あの客、寝言で本名を言ってたよ。……怖いねえ。,継灯の宿場
NPC-W03-007,W-003,サブロ,Saburo,荷継ぎの若者,荷の中に異世界の札が混じることがある,22,28,left,minor,2,,,,"体力自慢で単純",荷の中にたまに変な札が入ってる。……捨てていいのか迷うんだ。,継灯の宿場
NPC-W03-008,W-003,タエ,Tae,道具屋の女主人,旅人向けの装備と灯油を売る,34,18,down,merchant,2,,SHP-W03-001,,"世話焼きで値段は正直",灯油は切らすなよ。暗い道で名前を呼ばれたら終わりだ。,継灯の宿場・道具屋
NPC-W03-009,W-003,ゲンノスケ,Gennosuke,薬湯の主人,旅の疲れを癒す湯屋を営む,38,26,right,healer,2,,SHP-W03-002,SVC-W03-HEAL,"豪快で声が大きい",湯に浸かれば名前なんて忘れる。……いい意味でな。,継灯の宿場・回復
NPC-W03-010,W-003,ナミ,Nami,宿場の子ども,客の灯番号を覚えて遊ぶ,26,22,down,mob,1,,,,"人懐っこい",おじさんの番号、覚えたよ！　名前は……知らないけど。,継灯の宿場
NPC-W03-011,W-003,チヨ,Chiyo,老婆の灯守,古い灯番号の台帳を管理する,35,30,left,minor,2,CL-056,,,"記憶力がよく昔話が好き",この番号、三十年前にも使われてた。……同じ人じゃないよ、たぶん。,継灯の宿場
NPC-W03-012,W-003,モンド,Mondo,用心棒,宿場の治安を守る雇われ,20,24,up,minor,1,,,,"寡黙で腕が立つ",名前は聞かない。それがここの礼儀だ。,継灯の宿場
NPC-W04-001,W-004,サジリ,Sajiri,若い検札副官,clean判定を金で早めた記録を消している,36,16,down,key,4,"CL-015,CL-016",,,"野心的で要領がいい",札を見せろ。……色が合ってれば通す。理由は聞くな。,札差しの岬
NPC-W04-002,W-004,ヘンリ,Henri,鐘番,疑い札の妻を岬から出したい,28,12,left,key,3,CL-016,,,"穏やかだが追い詰められている",鐘は嘘をつかない。……でも、鳴る順番は変えられる。,札差しの岬
NPC-W04-003,W-004,イダ,Ida,印削り職人,期限切れclean passを灰札へ化粧直し,42,22,right,key,3,CL-015,,,"職人気質で口が堅い",削りの腕がいいと、古い札も新しく見える。……それだけの話さ。,札差しの岬
NPC-W04-004,W-004,マツホ,Matsuho,夜漁の女,黒札の人間を対岸へ運び名も聞かない,20,28,up,key,4,CL-057,,,"肝が据わっていて情に厚い",夜の海は名前なんて聞かない。……私もな。,札差しの岬
NPC-W04-005,W-004,リゼ,Rize,検潮書記,潮位記録と所属照合を兼務する,38,18,down,minor,2,CL-016,,,"真面目だが疑問を持ち始めている",潮位と人の記録が同じ棚にある。……変だと思わないか？,札差しの岬
NPC-W04-006,W-004,ウシオ,Ushio,港医見習い,検疫と人の選別の境目を見ている,32,24,left,minor,2,,,,"若くて理想主義",病を診るのが仕事なのに、札の色で診る順番が変わるんだ。,札差しの岬
NPC-W04-007,W-004,ドウザ,Douza,潮待ち宿の主人,黒札客を密かに泊める,24,20,right,merchant,2,,SHP-W04-001,,"世渡り上手で二枚舌",泊まるなら白札側がいいよ。……灰側は、まあ、安いけどね。,札差しの岬・道具屋
NPC-W04-008,W-004,フジコ,Fujiko,灯台守の妻,岬の薬草と応急手当を担う,44,14,down,healer,2,,SHP-W04-002,SVC-W04-HEAL,"おおらかで裏表がない",怪我なら診てあげる。札の色は関係ないよ。,札差しの岬・回復
NPC-W04-009,W-004,タカシ,Takashi,裏舟の漁師,マツホの知人。闇航路を知る,18,30,up,minor,2,,,,"口数少なく警戒心が強い",名前を聞くな。……聞いたら、もう乗せない。,札差しの岬
NPC-W04-010,W-004,ミキ,Miki,関所の子ども,札の色で人を区別する遊びをする,30,16,down,mob,1,,,,"無邪気に残酷",白い人は上、黒い人は下！　ごっこ遊びだよ？,札差しの岬
NPC-W04-011,W-004,オキナ,Okina,老検札官,制度の歪みを知りつつ退官間近,40,12,left,minor,2,CL-015,,,"疲れた目をしている",若い頃は正しいと思ってた。……今は、分からん。,札差しの岬
NPC-W04-012,W-004,シマ,Shima,積荷改めの女,荷物と人の扱いの差に疑問を持つ,34,26,right,minor,1,,,,"手際がよく観察力がある",荷には全部札が付く。人にも。……同じだろ、やってることは。,札差しの岬
NPC-W05-001,W-005,シズナ,Shizuna,墓守頭,空碑の一つに夫の名を刻めずにいる,24,18,down,key,4,"CL-017,CL-018",,,"穏やかだが芯が折れない",閉じた、と言うのが決まりだ。……死んだ、とは言わない。,香なしの墓苑
NPC-W05-002,W-005,マコ,Mako,若い未亡人,夫の器を毎朝一つ余分に出す,30,24,right,key,3,CL-017,,,"健気で静かな怒りを秘める",器を一つ多く出すのは癖。……待ってるわけじゃない。待ってるけど。,香なしの墓苑
NPC-W05-003,W-005,ガエン,Gaen,供香売り,無煙供香で閉じた扱いを早める,18,22,left,key,3,CL-018,,,"商才があり信仰を商売にする",香を焚かないのが正しい弔い。……でも、焚きたい人には売るよ。,香なしの墓苑
NPC-W05-004,W-005,イチル,Ichiru,石工,いくつかの空碑に薄い刻みを残す,36,20,up,key,3,CL-058,,,"不器用で正直者",削る仕事なのに、たまに残したくなる。……名前をさ。,香なしの墓苑
NPC-W05-005,W-005,コズエ,Kozue,灰水路の番人,墓地の水路を管理する,28,28,down,minor,2,,,,"寡黙で責任感が強い",水は上から下へ流れる。名前もそうだ。……上へは戻らない。,香なしの墓苑
NPC-W05-006,W-005,タケル,Takeru,道具屋兼墓参り道具売り,供物と掃除道具を売る,22,16,right,merchant,2,,SHP-W05-001,,"実直な商人",花は供えるが香は焚くな。それだけ守ってくれ。,香なしの墓苑・道具屋
NPC-W05-007,W-005,カヤ,Kaya,薬草摘みの女,墓地周辺の薬草で治療する,34,26,left,healer,2,,SHP-W05-002,SVC-W05-HEAL,"物静かで優しい",墓の近くの草ほどよく効く。……理由は聞かないで。,香なしの墓苑・回復
NPC-W05-008,W-005,リョウ,Ryou,墓掃きの少年,空碑の数を正確に覚えている,26,20,down,mob,1,,,,"素直で記憶力がいい",空の碑、今は十七。……先月は十六だったよ。,香なしの墓苑
NPC-W06-001,W-006,ハユ,Hayu,結縄婆,行方不明の娘の結びだけ切れない,28,20,down,key,4,"CL-019,CL-020",,,"頑固で情が深い",結び目は命。ほどいたら……もう、戻せない。,鈴結びの湿地
NPC-W06-002,W-006,ロク,Roku,税縄計り,縄税を軽くする代わりに符号を消した,36,24,right,key,3,CL-059,,,"計算高く世渡り上手",税は縄で数える。……数が合わないのは、まあ、湿気のせいだ。,鈴結びの湿地
NPC-W06-003,W-006,ネリ,Neri,渡し舟の娘,兄の鈴筒を別家の符号で彫った,18,28,left,key,4,"CL-019,CL-060",,,"行動的で兄思い",兄の鈴を家に戻したいの。……符号が違うから、認めてもらえない。,鈴結びの湿地
NPC-W06-004,W-006,セイカ,Seika,巡回祈祷師,安い借り鈴を正式な慰撫と偽って売る,32,16,up,key,3,CL-020,,,"穏やかな声だが目が冷たい",鈴の音は魂を呼ぶ。……正式なものでなければ、届かないよ。,鈴結びの湿地
NPC-W06-005,W-006,アシオ,Ashio,葦編み職人,結縄橋の補修をしつつ古い符号を見る,24,22,down,minor,2,CL-059,,,"職人気質で寡黙",橋桁の符号、何十年も前のだ。……誰のか分からないのが一番多い。,鈴結びの湿地
NPC-W06-006,W-006,タマエ,Tamae,鈴修理屋,古い鈴の音色から持ち主を推測する,30,18,right,merchant,2,,SHP-W06-001,,"手先が器用で話好き",鈴の音は一つずつ違う。修理しても、前の音には戻らないけどね。,鈴結びの湿地・道具屋
NPC-W06-007,W-006,ユウリ,Yuuri,湿地の薬師,湿地の薬草と鈴の音で治療する,34,28,left,healer,2,,SHP-W06-002,SVC-W06-HEAL,"穏やかで少し変わり者",鈴の音を聞きながら薬を煎じると、よく効くんだ。,鈴結びの湿地・回復
NPC-W06-008,W-006,コハル,Koharu,結縄見習いの少女,余り結びの意味を知りたがる,22,26,down,mob,1,,,,"好奇心旺盛で大人を困らせる",この結び、誰のか知ってる？　おばあちゃんに聞いても教えてくれない。,鈴結びの湿地
NPC-W06-009,W-006,モズ,Mozu,湿地渡しの老爺,沈み社への水路を知る唯一の人,20,30,up,minor,2,,,,"老練で口数少ない",沈み社への道は水が決める。……人が決めるもんじゃない。,鈴結びの湿地
NPC-W06-010,W-006,ヒグラシ,Higurashi,祈祷会の下働き,セイカの不正に気づいている,28,14,right,minor,2,CL-020,,,"臆病だが正義感がある",借り鈴と本鈴の音、違うの分かるんだけど……言えなくて。,鈴結びの湿地
NPC-W07-001,W-007,エンガ,Enga,badge仲買,娘を上層へ嫁がせたい。死者の役名を貸す,40,32,down,key,4,"CL-021,CL-056",,,"商才に長け人を値踏みする",badge一枚で人生が変わる。……変わらない人生もある。それは値がつかない。,削名の階市
NPC-W07-002,W-007,ソウジ,Souji,運び人,失った役名を取り戻したい,28,40,right,key,3,"CL-021,CL-062",,,"実直で不器用。階段を上がれない苦しみ",荷は上へ運べる。でも、俺自身は上がれない。……badge がないから。,削名の階市
NPC-W07-003,W-007,ミヤ,Miya,祖棚番,先祖棚と役名棚を同じ帳面で管理,36,24,left,key,3,"CL-022,CL-061",,,"厳格で制度を信じている",棚の位置は血と役の両方で決まる。……混ぜるなと言われても、もう混ざってる。,削名の階市
NPC-W07-004,W-007,リクホ,Rikuho,監査走り,下層生まれで本名を完全に消せない,44,28,up,key,4,CL-062,,,"鋭くて野心的。出自を隠す緊張感",監査は公正にやる。……出自を聞くな。badge だけ見ろ。,削名の階市
NPC-W07-005,W-007,ニシカ,Nishika,badge工房の親方,階位章の鋳造を独占する,32,20,down,minor,2,CL-061,,,"誇り高い職人",badge は俺が作る。……誰に渡すかは、俺の知るところじゃない。,削名の階市
NPC-W07-006,W-007,コウ,Kou,下層の代書屋,下層民の書類仕事を引き受ける,24,44,right,minor,2,,,,"皮肉屋だが情がある",字が書けない奴の代わりに書く。……何を書くかは聞くな。,削名の階市
NPC-W07-007,W-007,フミノ,Fumino,上層の令嬢,badge の意味を疑い始めた若者,42,16,left,minor,2,CL-022,,,"品があるが内心反発している",この badge で私は上にいる。でも、下にいた頃の名前のほうが本物だった。,削名の階市
NPC-W07-008,W-007,テツゾウ,Tetsuzou,階段の道具屋,階層ごとに品揃えが変わる,36,28,down,merchant,2,,SHP-W07-001,,"商才があり階層を熟知",上の品が欲しけりゃ badge を見せな。……なくても売るけど、高くなる。,削名の階市・道具屋
NPC-W07-009,W-007,セツナ,Setsuna,下層の薬師,badge なしでも治療する,26,42,right,healer,2,,SHP-W07-002,SVC-W07-HEAL,"温かく差別を嫌う",痛みに badge は関係ない。誰でも診るよ。,削名の階市・回復
NPC-W07-010,W-007,ガク,Gaku,一夜badge屋,闇で一晩だけのbadgeを売る,30,36,left,minor,2,,,,"にやけた裏商売人",一晩だけ上層を歩きたいだろ？　安くしとくよ。,削名の階市
NPC-W07-011,W-007,タスケ,Tasuke,石段の掃除人,すべての階を行き来できる唯一の職,38,36,up,minor,2,,,,"無欲で階層を俯瞰している",上も下も、掃くゴミは同じだよ。,削名の階市
NPC-W07-012,W-007,モモカ,Momoka,badge売りの少女,エンガの娘。上層への期待と不安,44,32,down,mob,1,,,,"健気で父を信じている",お父さんがいい badge を見つけてくれるって。……本当かな。,削名の階市
NPC-W07-013,W-007,ブンゴ,Bungo,飼育係,闘技用モンスターの世話をする,48,24,right,breeder,2,,SHP-W07-003,SVC-W07-BREED,"モンスターに詳しく人間は苦手",badge のある獣と、ない獣。扱いが違うの、分かるだろ。,削名の階市・牧場
NPC-W08-001,W-008,ドグマ,Doguma,焼印頭,人の仮所属へ獣印規格を流用した,30,18,down,key,4,"CL-023,CL-024",,,"冷徹で効率主義",印があるから数えられる。なければ最初から居ない。……それだけだ。,獣印の放牧環
NPC-W08-002,W-008,リイサ,Riisa,若い牧童,仔獣と拾い子の札輪を一度入れ替えた,22,24,right,key,3,CL-023,,,"優しいが罪悪感を持つ",あの子を助けたかっただけ。……でも、札を替えたのは私だ。,獣印の放牧環
NPC-W08-003,W-008,バセ,Base,耳notch刻み,切り欠き読みを誤魔化して配給をずらす,36,22,left,key,3,CL-024,,,"手先が器用で生活が苦しい",耳の形は一頭ずつ違う。……読み間違えることも、ある。,獣印の放牧環
NPC-W08-004,W-008,モト,Moto,住み込みの仮子,自分の旧notch板を隠し持つ,28,28,up,key,4,CL-023,,,"寡黙で居場所を求めている",家の子として呼ばれたい。……でも、前の印が消えない。,獣印の放牧環
NPC-W08-005,W-008,クロベ,Kurobe,大牧主の番頭,配給輪の管理を仕切る,34,16,down,minor,2,CL-024,,,"威圧的で忠実",印のないものに餌を分けるのは泥棒と同じだ。,獣印の放牧環
NPC-W08-006,W-008,サヤカ,Sayaka,印鉄売り,焼印の道具と飼葉を売る,26,20,right,merchant,2,,SHP-W08-001,,"たくましく商売熱心",いい印鉄が入ったよ。……持ち主が決まる前に買いな。,獣印の放牧環・道具屋
NPC-W08-007,W-008,ヤスジ,Yasuji,牧場の薬師,獣と人を同じ手で治す,32,26,left,healer,2,,SHP-W08-002,SVC-W08-HEAL,"穏やかで区別しない",傷は傷だ。印があろうとなかろうと。,獣印の放牧環・回復
NPC-W08-008,W-008,チカラ,Chikara,放牧環の見張り,環の内外を監視する,20,30,down,mob,1,,,,"真面目だが思考停止している",輪の外は知らない。中だけ守る。それが仕事だ。,獣印の放牧環
NPC-W09-001,W-009,フユネ,Fuyune,婚資監,若い頃自分も養親線を書き換えて嫁いだ,36,20,down,key,4,"CL-025,CL-026",,,"威厳があり自己矛盾を抱える",婚資は本家の血で量る。……私？　私は例外だった。,仮親の雪原
NPC-W09-002,W-009,カスリ,Kasuri,養親の母,預かった子を一人返さず冬名で育てた,24,28,right,key,4,CL-026,,,"温かいが秘密を守り通す強さ",返すのが決まりだった。……でも、あの子は冬を越した。もう、うちの子だ。,仮親の雪原
NPC-W09-003,W-009,ソウマ,Souma,継承候補,どちらの家にも道具扱いされたくない,40,24,left,key,4,CL-025,,,"鬱屈としているが賢い",夏名も冬名も持ってる。でも、どっちの家も俺を名前じゃなくて札で呼ぶ。,仮親の雪原
NPC-W09-004,W-009,エト,Eto,墓歌い,依頼で片方の家の旋律をわざと弱める,30,16,up,key,3,CL-025,,,"芸術家肌で良心がある",歌は正直に歌いたい。……でも、頼まれたら、片方だけ小さくする。,仮親の雪原
NPC-W09-005,W-009,ユキノ,Yukino,雪路案内,冬道と夏道で案内先が変わる,28,32,down,minor,2,,,,"慎重で土地勘がある",冬の道と夏の道は別だ。人の名前みたいにな。,仮親の雪原
NPC-W09-006,W-009,ゲンシロウ,Genshirou,分家書記,本家と分家の帳面を管理する,44,18,right,minor,2,CL-026,,,"几帳面だが良心に悩む",帳面には一人分の枠しかない。……名前が二つある人は、どうすればいい？,仮親の雪原
NPC-W09-007,W-009,ハルカ,Haruka,毛皮売りの女,冬備蓄と毛皮を売る道具屋,32,22,left,merchant,2,,SHP-W09-001,,"逞しく商売上手",毛皮は命を繋ぐ。……名前は繋がなくても冬は越せる。,仮親の雪原・道具屋
NPC-W09-008,W-009,キサラギ,Kisaragi,雪原の医者,凍傷と心の傷を診る,38,28,right,healer,2,,SHP-W09-002,SVC-W09-HEAL,"穏やかで経験豊富",凍傷は治る。……名前の凍傷は、溶かすのに時間がかかる。,仮親の雪原・回復
NPC-W09-009,W-009,コフユ,Kofuyu,仮親宿の子ども,冬名と夏名の違いを素直に疑問に思う,26,26,down,mob,1,,,,"純真で核心を突く",おじさん、冬と夏で名前が変わるの、変だよね？,仮親の雪原
NPC-W09-010,W-009,タケヒコ,Takehiko,本家の若当主,正統を守りたいが現実を知っている,42,14,up,minor,2,CL-025,,,"威厳があるが迷いがある",本家の名は重い。……重すぎて、借りた名で歩く奴の気持ちも分かる。,仮親の雪原
NPC-W09-011,W-009,ミユキ,Miyuki,養親の娘,ソウマの義妹。兄を家族と認めている,22,30,right,minor,2,,,,"明るくて兄思い",兄ちゃんは兄ちゃんだよ。札がなくても。,仮親の雪原
NPC-W09-012,W-009,ワタル,Wataru,飼育係,雪原の獣を預かり育てる,34,30,left,breeder,2,,SHP-W09-003,SVC-W09-BREED,"無口で獣に詳しい",獣は名前で呼ばなくても寄ってくる。……人間は、そうもいかない。,仮親の雪原・牧場
NPC-W10-001,W-010,カグラ,Kagura,塩庫女将,倉の湿り事故を利用して頁を差し替えた,32,20,down,key,4,"CL-027,CL-065",,,"やり手で情に厚い",塩は記録を守る。……湿気は記録を変える。同じ倉でね。,群書の塩庫
NPC-W10-002,W-010,ボソ,Boso,運河運び,濡れた台帳だけ裏の抄本屋へ流す,20,28,right,key,3,CL-027,,,"ずる賢いが小心者",濡れた帳面は捨てるのが決まりだ。……捨て先が二つあるだけさ。,群書の塩庫
NPC-W10-003,W-010,エシナ,Eshina,写本見習い,後補記欄へ未登録者を一人忍ばせる,38,18,left,key,3,CL-028,,,"真面目で罪悪感を持つ",一人だけ。……一人だけ、書き足した。存在しないことにされた人を。,群書の塩庫
NPC-W10-004,W-010,ドレイ,Dorei,港から来た未亡人,夫の別名を知りながら言えない,28,24,up,key,3,CL-027,,,"物静かで芯が強い",夫の名は転出になっている。……本当の名は、もう一つあった。,群書の塩庫
NPC-W10-005,W-010,シンベエ,Shinbee,塩計り,塩の品質と帳面の品質を同じ秤で量る,36,24,down,minor,2,,,,"実直な職人",塩も帳面も乾けば正しい。……湿ったものは信じるな。,群書の塩庫
NPC-W10-006,W-010,ナベ,Nabe,封印具売り,台帳の封印道具と塩を売る,24,16,right,merchant,2,,SHP-W10-001,,"商売熱心で押しが強い",乾燥印、いるだろ？　湿った帳面は法的に半端者だからな。,群書の塩庫・道具屋
NPC-W10-007,W-010,ミソノ,Misono,運河沿いの薬師,塩と水で傷を治す,34,28,left,healer,2,,SHP-W10-002,SVC-W10-HEAL,"穏やかで知識が広い",塩水は傷を洗う。……帳面の傷は、洗っても消えないけどね。,群書の塩庫・回復
NPC-W10-008,W-010,ルリ,Ruri,抄本仲買の娘,父の仕事を手伝う子ども,22,22,down,mob,1,,,,"利発で大人びている",乾いた紙と濡れた紙、どっちが本当なの？,群書の塩庫
NPC-W10-009,W-010,タツミ,Tatsumi,紙乾燥塔の番人,乾燥工程で選別が行われることを知る,40,14,up,minor,2,CL-028,,,"寡黙で仕事に忠実",上に干す紙と下に落とす紙がある。……基準は俺が決めるんじゃない。,群書の塩庫
NPC-W11-001,W-011,レンカ,Renka,注釈係,順唱派へ逆誓詞の写しを渡した,32,18,down,key,4,"CL-029,CL-030",,,"知性的で理想主義",言葉の順番で開く扉がある。……順番を変えた理由は、まだ言えない。,逆誓の修院
NPC-W11-002,W-011,フサ,Fusa,若い見習い,奥廊で順唱を試し一つの部屋を開けた,24,24,right,key,3,CL-029,,,"好奇心旺盛で怖いもの知らず",逆に唱えろと教わった。……でも、順に唱えたら開いた部屋があるんだ。,逆誓の修院
NPC-W11-003,W-011,ギオ,Gio,鐘磨き,役割名刻みを抜き取っている,38,22,left,key,3,CL-030,,,"欲深いが腕は確か",鐘の音は変わらない。……刻んだ名だけが変わる。,逆誓の修院
NPC-W11-004,W-011,サヤ,Saya,巡礼女,借りbadgeで奥回廊へ入ったことがある,28,28,up,key,3,CL-030,,,"静かで決意がある",兄のbadgeを縫い続けている。……兄はもう戻らないけど。,逆誓の修院
NPC-W11-005,W-011,ジュンペイ,Junpei,修道見習い,修院内の派閥争いに巻き込まれている,36,16,down,minor,2,,,,"真面目だが疑問を持ち始めた",順唱か逆唱か。……どちらが正しいかより、なぜ二つあるかが気になる。,逆誓の修院
NPC-W11-006,W-011,ウメ,Ume,写経婆,古い経文の矛盾に気づいている,22,20,right,minor,2,CL-030,,,"老練で口が堅い",写経を五十年やると、同じ文の裏表が見えてくるよ。,逆誓の修院
NPC-W11-007,W-011,コウエン,Kouen,巡礼badge売り,修院の権威を利用して商売する,30,14,left,merchant,2,,SHP-W11-001,,"愛想がいい商売人",badge があれば回廊を歩ける。……どの回廊かは、値段次第。,逆誓の修院・道具屋
NPC-W11-008,W-011,ミョウジュ,Myouju,修院の医僧,祈りと薬で治療する,34,26,right,healer,2,,SHP-W11-002,SVC-W11-HEAL,"穏やかで信仰深い",順唱で体を、逆唱で心を治す。……どちらが先かは、患者が決める。,逆誓の修院・回復
NPC-W11-009,W-011,リン,Rin,鐘守の少年,鐘の音の違いに敏感,26,22,down,mob,1,,,,"耳がよく素直",この鐘、前と音が違う。……誰かが名前を削ったんだ。,逆誓の修院
NPC-W11-010,W-011,ドウカク,Doukaku,修院長付の老僧,秘密保持派の重鎮,40,12,up,minor,2,CL-029,,,"威厳があり頑固",逆唱は守るためにある。……何を守るかは、お前が知る必要はない。,逆誓の修院
NPC-W12-001,W-012,ハクヤ,Hakuya,商長補佐,遺留品と骨荷を同じ航路へ乗せる,36,20,down,key,4,"CL-031,CL-032",,,"有能で冷徹。利益が最優先",届け先があれば荷は動く。……中身が骨でも干魚でも同じだ。,骨樋の港
NPC-W12-002,W-012,ニサ,Nisa,検疫clerk,疑証の人荷を貨物扱いで通した,28,16,right,key,3,CL-031,,,"真面目だが環境に染まった",clean と判定すれば通る。……判定基準は、まあ、柔軟だ。,骨樋の港
NPC-W12-003,W-012,ゴロ,Goro,骨洗い男,姉の骨箱の行先札を入れ替えた,22,28,left,key,4,CL-032,,,"粗野だが情に厚い",骨を洗うのは慣れた。……姉の骨だけは、まだ洗えない。,骨樋の港
NPC-W12-004,W-012,レミ,Remi,badge売り娘,偽badgeとclean cordを同じ縫場で売る,40,24,up,key,3,CL-031,,,"可愛らしいが商売に長ける",badge もcordも、縫い方は同じ。……意味が違うだけ。,骨樋の港
NPC-W12-005,W-012,カイゾウ,Kaizou,水門番,水門の開閉で荷の流れを制御する,32,12,down,minor,2,CL-032,,,"寡黙で責任感が強い",水門を開けたら止まらない。荷も骨も、同じ方向へ流れる。,骨樋の港
NPC-W12-006,W-012,オトメ,Otome,裏桟橋の女将,禁制荷の一時保管を引き受ける,18,24,right,minor,2,,,,"肝が据わっている",裏の桟橋は誰でも使える。……名前を聞かないのが条件だけどね。,骨樋の港
NPC-W12-007,W-012,タイチ,Taichi,積荷仕分け人,荷と骨の仕分け基準の曖昧さに疑問,34,28,left,minor,2,,,,"若くて正義感がある",仕分けの基準が分からない。……骨と荷物の違いって、何だ？,骨樋の港
NPC-W12-008,W-012,マサル,Masaru,港の道具屋,航海用品と積荷道具を売る,38,16,down,merchant,2,,SHP-W12-001,,"陽気で港を愛する",港は全部を受け入れる。……受け入れすぎかもしれないけどな。,骨樋の港・道具屋
NPC-W12-009,W-012,サキ,Saki,港の医者,船乗りと港湾労働者を治す,26,20,right,healer,2,,SHP-W12-002,SVC-W12-HEAL,"実務的で手際がいい",怪我は治す。病も治す。……心は、ちょっと専門外だ。,骨樋の港・回復
NPC-W12-010,W-012,テッペイ,Teppei,clean cord職人,cordの品質で人の扱いが変わることを知る,30,22,up,minor,2,CL-031,,,"職人気質で寡黙",cord一本で人の行先が変わる。……俺はただ編むだけだ。,骨樋の港
NPC-W12-011,W-012,ナツメ,Natsume,遺族の母,息子の骨箱を港で待ち続けている,24,26,down,minor,2,,,,"穏やかだが疲れ切っている",毎日来てる。……届くかどうかも分からないけど。,骨樋の港
NPC-W12-012,W-012,ジロウ,Jirou,舟子の若者,裏航路の存在を知っている,20,30,left,minor,1,,,,"素朴で言葉少ない",夜の航路は別にある。……乗る人は選ばない。,骨樋の港
NPC-W12-013,W-012,カナメ,Kaname,闘技場受付,港の闘技場を運営する,42,28,right,arena,2,,SHP-W12-003,SVC-W12-ARENA,"テキパキしている",腕試しかい？　ここは港だ。強さより、荷を守れるかが大事だよ。,骨樋の港・闘技場
NPC-W12-014,W-012,イソベ,Isobe,飼育係,港で荷役獣を預かる,36,30,left,breeder,2,,SHP-W12-004,SVC-W12-BREED,"獣が好きで人嫌い",獣に札を付けるのも、荷に札を付けるのも同じ手つきだ。,骨樋の港・牧場
NPC-W13-001,W-013,ヤト,Yato,地主,棚を拡張し中央献上を増やしたい,28,16,down,key,4,"CL-033,CL-034",,,"温厚だが計算高い",棚畑は家名で回る。……摘み手の名前？　帳面には要らない。,無籍の葡萄段
NPC-W13-002,W-013,ルネ,Rune,摘み子,死んだ姉の名札で三年働いている,20,24,right,key,4,CL-034,,,"芯が強く静かな怒り",この札の名前は姉のもの。……私の名前では、ここで働けない。,無籍の葡萄段
NPC-W13-003,W-013,サッカ,Sakka,棚主司祭,chapelの名簿と収穫札の対応表を持つ,34,20,left,key,3,CL-033,,,"慇懃だが二枚舌",神は名を問わない。……でも帳面は問う。矛盾だね。,無籍の葡萄段
NPC-W13-004,W-013,ホキ,Hoki,季節broker,借り名札の回転で大きく抜いている,24,28,up,key,3,CL-034,,,"口達者で抜け目がない",札を回すのが仕事だ。誰の名前かなんて、毎年変わるさ。,無籍の葡萄段
NPC-W13-005,W-013,ツチノ,Tsuchino,段道の見張り,無籍者の出入りを管理する,30,12,down,minor,2,,,,"忠実だが同情心がある",見張るのが仕事だ。……でも、見なかったことにする夜もある。,無籍の葡萄段
NPC-W13-006,W-013,ブドウ,Budou,道具屋の老人,農具と季節道具を売る,26,18,right,merchant,2,,SHP-W13-001,,"温厚で口数が少ない",鎌は名前を選ばない。……使う手は選ぶけどな。,無籍の葡萄段・道具屋
NPC-W13-007,W-013,ナズナ,Nazuna,段畑の薬草売り,棚畑の草で治療する,32,24,left,healer,2,,SHP-W13-002,SVC-W13-HEAL,"優しく誰でも助ける",薬に名前は要らない。効けばいい。,無籍の葡萄段・回復
NPC-W13-008,W-013,タネ,Tane,摘み子の子ども,籠を背負って畑で働く,22,22,down,mob,1,,,,"働き者で大人びている",名前？　段の番号で呼ばれるよ。みんなそうだもん。,無籍の葡萄段
NPC-W14-001,W-014,マシラ,Mashira,調査兵,別所属映りの者を一人黙って逃した,30,18,down,key,4,"CL-035,CL-036",,,"疲れた軍人。正義と実務の間で揺れる",映りが変わった報告書は三つある。……四つ目は書かなかった。,返らずの鏡森
NPC-W14-002,W-014,アオイ,Aoi,森番,妹へ通称札を二枚持たせた,22,24,right,key,4,CL-036,,,"静かで妹を守ることだけ考える",森では本名を使うな。……妹には、二枚持たせた。念のためだ。,返らずの鏡森
NPC-W14-003,W-014,キリ,Kiri,鏡継ぎ職,割れた鏡石片を身代わり証拠として売る,36,22,left,key,3,CL-035,,,"職人気質だが金に弱い",鏡石は割れても映る。……何を映すかは、買い手次第だ。,返らずの鏡森
NPC-W14-004,W-014,ノベ,Nobe,救出書記,本人と映りのどちらを救ったか曖昧,28,28,up,key,3,CL-035,,,"几帳面だが良心に悩む",報告書には「救出」と書いた。……本人を救ったのか映りを救ったのか、実は分からない。,返らずの鏡森
NPC-W14-005,W-014,ヒバリ,Hibari,通称札の配布係,森に入る者へ仮名札を渡す,34,16,down,minor,2,CL-036,,,"事務的だが親切",通称札を持って。本名は森に置いていけ。,返らずの鏡森
NPC-W14-006,W-014,モリオ,Morio,映り除け布売り,鏡石対策の布と道具を売る,26,20,right,merchant,2,,SHP-W14-001,,"商売上手で知識がある",この布で鏡石を覆えば映らない。……完全じゃないけどね。,返らずの鏡森・道具屋
NPC-W14-007,W-014,スズカ,Suzuka,森の薬師,鏡石の影響を受けた者を治療する,38,26,left,healer,2,,SHP-W14-002,SVC-W14-HEAL,"落ち着いていて経験豊富",映りの傷は薬では治らない。……でも、体の傷は治せる。,返らずの鏡森・回復
NPC-W14-008,W-014,カエデ,Kaede,遺留品拾い,森で見つかった品を回収する,24,30,down,minor,2,,,,"寡黙で仕事に忠実",拾ったものは全部届ける。……持ち主が分からないものが、一番多い。,返らずの鏡森
NPC-W14-009,W-014,ツカサ,Tsukasa,アオイの妹,通称札を二枚持つ少女,20,22,up,minor,2,CL-036,,,"大人しくて兄を信頼している",兄が二枚くれた。……一枚で足りるはずなのに。,返らずの鏡森
NPC-W14-010,W-014,テンマ,Tenma,飼育係,鏡森の獣を預かる,32,30,right,breeder,2,,SHP-W14-003,SVC-W14-BREED,"獣との対話に長ける",森の獣は鏡石を避ける。……賢いよ、人間より。,返らずの鏡森・牧場
NPC-W15-001,W-015,ツグラ,Tsugura,巡礼先導,姉だけは死者扱いしたくない,30,18,down,key,4,"CL-037,CL-063",,,"責任感が強く苦悩している",布で顔を隠せば、grief は等しいと教わった。……嘘だ。,黒布の巡礼路
NPC-W15-002,W-015,コノエ,Konoe,布縫い女,未登録縁者にも家名を裏縫いする,22,24,right,key,3,CL-038,,,"手先が器用で情に厚い",裏に縫うのは家名。……登録されてない人にも、縫ってあげたい。,黒布の巡礼路
NPC-W15-003,W-015,ハル,Haru,遺族の弟,借り黒布でrouteへ紛れ込んだ,36,22,left,key,4,CL-037,,,"若くて衝動的だが純粋",姉の顔を見て送りたかった。……布越しじゃ、泣けないんだ。,黒布の巡礼路
NPC-W15-004,W-015,ミト,Mito,route宿の女将,代理歩きを知りながら黙認する,28,28,up,key,3,CL-038,,,"世渡り上手で人情家",代理歩き？　知らないよ。……でも、宿銭を払えば誰でも泊める。,黒布の巡礼路
NPC-W15-005,W-015,カザネ,Kazane,風穴の番人,声伏せの風穴を管理する,34,14,down,minor,2,CL-063,,,"厳格だが心の中で泣いている",ここで素顔を晒した布は、二度と使えない。……捨てるのは、私の仕事だ。,黒布の巡礼路
NPC-W15-006,W-015,ヌノエ,Nunoe,黒布売りの老婆,巡礼用の黒布と供物を売る,26,20,right,merchant,2,,SHP-W15-001,,"物静かで敬虔",布は grief を隠すためじゃない。等しくするためだ。……そう教わった。,黒布の巡礼路・道具屋
NPC-W15-007,W-015,オウカ,Ouka,巡礼路の医者,route上の怪我と病を治す,38,26,left,healer,2,,SHP-W15-002,SVC-W15-HEAL,"実務的で偏見がない",布の下の顔は見ない。傷だけ診る。,黒布の巡礼路・回復
NPC-W15-008,W-015,シュウ,Shuu,納棺歌いの老人,葬送の歌を知る最後の世代,32,16,up,minor,2,CL-037,,,"枯れた声で深い知識がある",歌は名前を呼ばない。……でも、聞けば誰のためか分かる。,黒布の巡礼路
NPC-W15-009,W-015,アカリ,Akari,巡礼の少女,初めての巡礼で恐怖と向き合う,24,22,down,mob,1,,,,"怖がりだが好奇心がある",顔を隠すの、怖い。……でも、隠さないともっと怖いって。,黒布の巡礼路
NPC-W16-001,W-016,サラギ,Saragi,継ぎ師,偽継ぎ文様も本物に混ぜている,28,18,down,key,4,"CL-039,CL-064",,,"誇り高いが境界を越えている",継ぎ目を見せるのが正しい。……見せてはいけない継ぎ目もある。,焼継の鍛土
NPC-W16-002,W-016,ユド,Yudo,若い炉守,父の系譜補修も器修理と同じ粉でやった,22,24,right,key,3,CL-039,,,"真面目だが父への複雑な感情",父の工房を継ぐのが夢だった。……父の系譜も、俺が継いでしまった。,焼継の鍛土
NPC-W16-003,W-016,ミヤラ,Miyara,寡婦guildの頭,客の家系図へわざと美しい継ぎ目を残す,34,22,left,key,3,CL-040,,,"逞しく計算高い",割れた器も割れた家も、継げばまた使える。……値段は上がるけどね。,焼継の鍛土
NPC-W16-004,W-016,カエ,Kae,素材broker,継ぎ足し図鑑の語彙を配合商へ流す,36,16,up,key,3,"CL-040,CL-064",,,"知的で危険な橋渡し役",継ぎ足しと配合は同じ言葉で語れる。……それが何を意味するか、分かるかい？,焼継の鍛土
NPC-W16-005,W-016,ハガネ,Hagane,炉床の道具屋,鍛造道具と修繕素材を売る,30,20,down,merchant,2,,SHP-W16-001,,"職人気質で口数少ない",いい素材は継ぎ目を選ばない。……安い素材は、選ぶけどな。,焼継の鍛土・道具屋
NPC-W16-006,W-016,ヨリコ,Yoriko,炉雪の薬師,火傷と職人の怪我を治す,26,26,right,healer,2,,SHP-W16-002,SVC-W16-HEAL,"穏やかで手際がいい",火傷は治る。……継ぎ目は残るけど、それも生きた証だ。,焼継の鍛土・回復
NPC-W16-007,W-016,テツジ,Tetsuji,偽継ぎ横町の若者,偽の家督証を安く売る,24,28,left,minor,2,CL-039,,,"卑屈だが要領がいい",本物と偽物の違い？　金額だけだよ。,焼継の鍛土
NPC-W16-008,W-016,スエ,Sue,炉の子ども,継ぎ目の美しさに魅了されている,32,24,down,mob,1,,,,"好奇心旺盛で無邪気",この模様、きれいでしょ？　割れたから、こうなったんだって。,焼継の鍛土
NPC-W17-001,W-017,ナツホ,Natsuho,室番,失踪した夫の室だけ閉鎖できない,32,20,down,key,4,"CL-041,CL-042",,,"穏やかだが折れない強さ",部屋は閉めない。……まだ声が聞こえるから。,残名の回廊
NPC-W17-002,W-017,エダン,Edan,遺留品broker,遺族ごとに都合のよい遺留品を選ぶ,24,28,right,key,3,CL-042,,,"口が達者で倫理観が薄い",遺留品は真実じゃない。……遺族が欲しい真実だ。,残名の回廊
NPC-W17-003,W-017,シオ,Shio,遺族の姉,echoを聞くため偽続柄を使って通う,38,16,left,key,4,"CL-041,CL-043",,,"静かな執念を持つ",弟の声が聞こえる。……偽の続柄で入ったけど、声は本物だ。,残名の回廊
NPC-W17-004,W-017,セグ,Segu,聴取clerk,echoの濃さを数字へ潰して上申する,28,24,up,key,3,CL-043,,,"事務的で良心との闘い",数字にすれば報告できる。……数字にならない分は、切り捨てる。,残名の回廊
NPC-W17-005,W-017,キヨミ,Kiyomi,聞き役の祈祷僧,遺族の話を聞く役目,36,22,down,minor,2,CL-043,,,"穏やかで疲れている",聞くのが仕事だ。……自分の声は、もう聞こえなくなった。,残名の回廊
NPC-W17-006,W-017,モリタ,Morita,封鎖兵,回廊の安全を守る警備員,20,18,right,minor,2,,,,"忠実だが疑問を持つ",封鎖は安全のため。……でも、遺族を止めるのは辛い。,残名の回廊
NPC-W17-007,W-017,ヨリヤス,Yoriyasu,聞き札売り,echoの聴取権を売る商人,30,14,left,merchant,2,,SHP-W17-001,,"商才があり同情を装う",聞き札一枚で一時間。……もう一枚買えば、もう少し聞ける。,残名の回廊・道具屋
NPC-W17-008,W-017,カスミ,Kasumi,回廊の医者,echo接触後の心身を治療する,34,28,right,healer,2,,SHP-W17-002,SVC-W17-HEAL,"冷静で経験豊富",echoに触れた後は体が冷える。……温めるのが私の仕事だ。,残名の回廊・回復
NPC-W17-009,W-017,ツトム,Tsutomu,遺留品整理人,品の分類と保管を担当する,26,22,down,minor,2,CL-042,,,"真面目で悲しみを抑える",同じ人の品が三つの部屋に分かれてる。……どれが本当の持ち主だ？,残名の回廊
NPC-W17-010,W-017,ハツエ,Hatsue,待合の老婆,三十年通い続ける遺族,22,26,up,minor,2,,,,"穏やかだが止まらない",息子の声はまだ聞こえる。……薄くなったけど、聞こえる。,残名の回廊
NPC-W17-011,W-017,リュウタ,Ryuuta,echo録の写し師,記録の転写を担う,40,18,left,minor,2,CL-041,,,"几帳面で職務に忠実",声を文字にするのが仕事だ。……文字にできない声もある。,残名の回廊
NPC-W17-012,W-017,ミホ,Miho,遺族の娘,母に連れられて通う子ども,24,20,down,mob,1,,,,"大人しくて聡明",お母さんがお父さんの声を聞きに来てる。……私には、聞こえない。,残名の回廊
NPC-W17-013,W-017,ゲンゾウ,Genzou,空室前廊の宿屋主人,遺族向けの宿を営む,38,12,right,minor,2,,,,"世話焼きで情がある",長く待つ人には安くするよ。……待つのも仕事だからな。,残名の回廊
NPC-W17-014,W-017,クマジ,Kumaji,飼育係,回廊付近の獣を管理する,42,26,left,breeder,2,,SHP-W17-003,SVC-W17-BREED,"寡黙で獣に優しい",獣もechoを聞く。……耳を立てて、じっとしてる。,残名の回廊・牧場
NPC-W18-001,W-018,スズネ,Suzune,若書記法官,黒簿に自分の親族の二重印も載る,34,18,down,key,4,"CL-044,CL-045,CL-046",,,"切れ者だが自己矛盾に苦しむ",法は一つ、記録も一つ。……なのに印が二つある人間がいる。私の親族にも。,二署の法台
NPC-W18-002,W-018,クズロ,Kuzuro,seal切り職人,偽印より本物の再発行で儲ける,24,24,right,key,3,CL-046,,,"職人気質で倫理観が独特",偽物を作るより本物をもう一枚出す方が儲かる。……そういう制度だ。,二署の法台
NPC-W18-003,W-018,マニ,Mani,伝令走り,抜頁を運んで誰の人生が消えたか知る,40,22,left,key,4,"CL-044,CL-046",,,"走り続けることで考えないようにしている",走れば届く。……何を届けてるか、考えたら走れなくなる。,二署の法台
NPC-W18-004,W-018,トバ,Toba,失踪家の妻,調停料のため自分で転出印を押した,28,28,up,key,4,"CL-045,CL-046",,,"静かな絶望と強さ",夫を転出扱いにしたのは私だ。……調停料を払えなかったから。,二署の法台
NPC-W18-005,W-018,ヒロセ,Hirose,代書婆,庶民の書類仕事を長年引き受ける,36,26,down,minor,2,CL-065,,,"老練で世の中を知り尽くす",字を書けない人のために書く。……書いた字で人生が変わるのは、重い。,二署の法台
NPC-W18-006,W-018,ジンザ,Jinza,監査避け仲介,二署間の矛盾を利用して稼ぐ,22,20,right,minor,2,CL-044,,,"抜け目がなく愛想がいい",法印と記印が合わないと困るだろ？　合わせてやるよ、手数料は要るけど。,二署の法台
NPC-W18-007,W-018,フミヨ,Fumiyo,抄本の道具屋,抄本用紙と封印具を売る,30,16,left,merchant,2,,SHP-W18-001,,"実直な商人",紙は嘘をつかない。……書く人が嘘をつくだけだ。,二署の法台・道具屋
NPC-W18-008,W-018,アサヒ,Asahi,法台の医者,法台都市の医療を担う,38,28,right,healer,2,,SHP-W18-002,SVC-W18-HEAL,"穏やかで分け隔てない",印が一つでも二つでも、体は一つだ。治すのは同じ。,二署の法台・回復
NPC-W18-009,W-018,カオリ,Kaori,照会窓の係員,どちらの印で通すかを日常的に判断する,32,14,up,minor,2,CL-045,,,"丁寧だが麻痺している",どちらの印をお使いですか？　……毎日聞くけど、正解はない。,二署の法台
NPC-W18-010,W-018,リツ,Ritsu,法台の子ども,二重印の意味を理解できない,26,22,down,mob,1,,,,"素直で疑問をそのまま言う",おじいちゃんの印が二つあるの。一つじゃダメなの？,二署の法台
NPC-W18-011,W-018,ゴウダ,Gouda,闘技場管理人,法台都市の闘技場を仕切る,42,12,left,arena,2,,SHP-W18-003,SVC-W18-ARENA,"厳格で公正を信じる",闘技場では印は関係ない。……強いか弱いか、それだけだ。,二署の法台・闘技場
NPC-W18-012,W-018,シゲル,Shigeru,飼育係,法台の獣を預かる,44,28,right,breeder,2,,SHP-W18-004,SVC-W18-BREED,"温厚で獣好き",獣は印を二つ押されても気にしない。……人間だけが気にする。,二署の法台・牧場
NPC-W19-001,W-019,イオリ,Iori,実務監,中央より先に利益勘定で封鎖が動くと知る,34,18,down,key,4,"CL-047,CL-048",,,"冷静で責任感が強い。疲弊している",想定喪失率という言葉がある。……人の数を、予定として書く。,閉鐘の塔都
NPC-W19-002,W-019,シデ,Shide,casualty clerk,想定喪失率を丸めて書いてきた,26,24,right,key,3,CL-048,,,"事務的で良心が擦り減った",数字を丸めれば報告が通る。……丸めた分だけ、人が消える。,閉鐘の塔都
NPC-W19-003,W-019,ホナミ,Honami,bell cloth係,布の裏に古い鐘名をまだ残す,38,22,left,key,3,CL-047,,,"静かで布への愛着が深い",布に鐘名を残すのは禁じられた。……でも、裏なら見えない。,閉鐘の塔都
NPC-W19-004,W-019,ゼキ,Zeki,裏輸送舟の主,rank不足者を夜に運ぶ,20,28,up,key,3,CL-049,,,"肝が据わって金に執着",夜の舟は名前を聞かない。……戻ってこない奴もいるけどな。,閉鐘の塔都
NPC-W19-005,W-019,ノリカゼ,Norikaze,門守の古参,門での事故を最も多く見てきた,36,14,down,minor,2,CL-048,,,"老練で無表情",門で何人消えたか？　数えるのをやめた。……数え続けたら、狂う。,閉鐘の塔都
NPC-W19-006,W-019,タカネ,Takane,rank査定官,通行権の審査を担当する,30,16,right,minor,2,CL-049,,,"厳格だが公正を目指す",rank は安全のためにある。……安全の意味が変わってしまったが。,閉鐘の塔都
NPC-W19-007,W-019,コマチ,Komachi,前線の道具屋,封鎖都市用の装備を売る,28,20,left,merchant,2,,SHP-W19-001,,"商売上手で現実主義",ここの品は丈夫に作ってある。……壊れやすい場所だからな。,閉鐘の塔都・道具屋
NPC-W19-008,W-019,ナオ,Nao,閉鐘都の医者,門前の事故と怪我を治す,40,26,right,healer,2,,SHP-W19-002,SVC-W19-HEAL,"実務的で手際がいい",門の近くの傷は治りが遅い。……理由は聞くな。,閉鐘の塔都・回復
NPC-W19-009,W-019,トウジ,Touji,鐘楼の見張り,鳴らない鐘を毎日見上げる,32,10,up,minor,2,CL-047,,,"寡黙で信仰深い",鐘が鳴れば街が動く。……もう何年も、鳴ってない。,閉鐘の塔都
NPC-W19-010,W-019,ミサキ,Misaki,前橋区の子ども,封鎖都市で育った世代,24,18,down,mob,1,,,,"好奇心旺盛で怖いもの知らず",鐘の音、聞いたことないよ。……鳴ったらどうなるの？,閉鐘の塔都
NPC-W19-011,W-019,ゲンタ,Genta,rank宿の主人,冒険者向けの宿を営む,22,22,left,minor,2,,,,"豪快で客商売に長ける",rank が高い奴ほど静かだ。……帰ってこない奴を見てきたからな。,閉鐘の塔都
NPC-W19-012,W-019,ハヤテ,Hayate,闘技場の管理人,塔都の闘技場を運営する,42,14,right,arena,2,,SHP-W19-003,SVC-W19-ARENA,"厳しいが育成者を尊重する",ここで試されるのはrankだけじゃない。……覚悟もだ。,閉鐘の塔都・闘技場
NPC-W19-013,W-019,リンゴ,Ringo,飼育係,門前の獣を管理する,38,30,left,breeder,2,,SHP-W19-004,SVC-W19-BREED,"獣に詳しく温厚",門の近くの獣は耳を立てたまま眠る。……何を聞いてるのかは知らない。,閉鐘の塔都・牧場
NPC-W20-001,W-020,シュロウ,Shurou,正本聖堂の上席書記,村人失踪の処理帳を一部自分で継ぎ直した,36,22,down,key,5,"CL-050,CL-051,CL-052",,,"知性的で苦悩する良心",正本は正しい。……正しくなるように、直したからだ。,継ぎ止めの聖郭
NPC-W20-002,W-020,ヒサメ,Hisame_W20,審問補佐官,継子線の再分類で自家の汚点を消した,28,18,right,key,4,CL-051,,,"野心的で冷酷な面がある",審問は公正だ。……公正の基準を作るのは、こちら側だけどな。,継ぎ止めの聖郭。開始村ヒサメとは別人
NPC-W20-003,W-020,ナギサ,Nagisa,旧二署側の照合役,失踪記録の原写しを私蔵する,42,16,left,key,5,"CL-051,CL-052",,,"正義感が強く粘り強い",本当の記録はここにある。……出せるかどうかは、まだ分からない。,継ぎ止めの聖郭
NPC-W20-004,W-020,サラギ,Saragi_W20,継印broker,偽継印と本物の鑑定基準を両方売る,32,26,up,key,3,CL-050,,,"商才があり二枚舌",本物と偽物を見分ける方法？　買ってくれたら教えるよ。,継ぎ止めの聖郭。W-016サラギとは別人
NPC-W20-005,W-020,メズロ,Mezuro,見本配合の査定係,危険法則の再命名を知りつつ黙る,38,14,down,key,4,CL-050,,,"学者肌で臆病",配合は技術だ。……技術の元が何だったかは、知りたくない。,継ぎ止めの聖郭
NPC-W20-006,W-020,タイラ,Taira,認証前廊の番人,未認証名を審問前廊で止める,30,28,right,minor,2,CL-052,,,"忠実だが葛藤がある",認証なしでは通れない。……認証を取るのに何が要るか、知ってるか？,継ぎ止めの聖郭
NPC-W20-007,W-020,ヤシロ,Yashiro,継印検査官,認証印の正当性を審査する,34,12,left,minor,2,CL-050,,,"几帳面で制度を信じる",印が正しければ人も正しい。……そう信じなければ、仕事にならない。,継ぎ止めの聖郭
NPC-W20-008,W-020,ミカド,Mikado,巡礼受付,聖郭への巡礼者を振り分ける,26,20,down,minor,2,,,,"丁寧だが事務的",巡礼証をお持ちですか？　……なければ、ここまでです。,継ぎ止めの聖郭
NPC-W20-009,W-020,クニサダ,Kunisada,聖郭の道具屋,認証道具と巡礼装備を売る,40,20,right,merchant,2,,SHP-W20-001,,"商売人として洗練されている",聖郭の品は高い。……正統のお墨付きだからな。,継ぎ止めの聖郭・道具屋
NPC-W20-010,W-020,シオリ,Shiori,聖郭の医僧,最高位の医療を提供する,44,24,left,healer,2,,SHP-W20-002,SVC-W20-HEAL,"温厚で知識が深い",体を治すのは技術。心を治すのは……ここでは、記録を正すことだと言われる。,継ぎ止めの聖郭・回復
NPC-W20-011,W-020,correction broker,Correction_Broker,帳簿修正仲介人,系譜補修の裏取引を仲介する,24,26,up,minor,2,CL-052,,,"名前を明かさない。影の仲介者",名前は要らない。……直してほしい帳面があるなら、見せろ。,継ぎ止めの聖郭
NPC-W20-012,W-020,オウミ,Oumi,証拠庫守,聖郭の証拠庫を管理する老人,36,10,down,minor,2,CL-052,,,"厳格で長年の重みを持つ",庫の中身は見せられない。……見た者が、帰れなくなるからだ。,継ぎ止めの聖郭
NPC-W20-013,W-020,アカツキ,Akatsuki,正統派の若僧,教義と現実の間で揺れる,28,14,right,minor,2,CL-051,,,"純粋で迷いがある",継ぎ合わせれば罪は消える。……本当に？,継ぎ止めの聖郭
NPC-W20-014,W-020,ジュンナ,Junna,審問庭の書記,公開査問の記録を取る,32,8,left,minor,2,CL-050,,,"事務的で感情を殺している",審問の記録は正確に残す。……正確すぎて、読む人が減った。,継ぎ止めの聖郭
NPC-W20-015,W-020,サダオ,Sadao,深門下郭の警備兵,聖郭の最深部を警備する,40,6,up,minor,2,CL-052,,,"寡黙で忠実",ここから先は戻れない。……俺も、もう長い。,継ぎ止めの聖郭
NPC-W20-016,W-020,トモノリ,Tomonori,闘技場の聖官,聖郭付きの闘技場を運営する,42,18,down,arena,2,,SHP-W20-003,SVC-W20-ARENA,"威厳があり闘技を神聖視する",ここでの戦いは試練だ。……勝っても負けても、記録に残る。,継ぎ止めの聖郭・闘技場
NPC-W20-017,W-020,イサミ,Isami,聖郭の飼育係,認証された獣を管理する,38,28,right,breeder,2,,SHP-W20-004,SVC-W20-BREED,"温厚で獣を大切にする",認証された獣だけがここにいる。……認証されなかった獣は、どこへ行ったんだろう。,継ぎ止めの聖郭・牧場
NPC-W20-018,W-020,チサト,Chisato,遺族代表の女性,村の失踪者家族を代表して来た,26,22,down,key,3,CL-052,,,"静かな怒りと悲しみ",村から来た。……消えた人たちの名前を、正しい場所に戻しに。,継ぎ止めの聖郭。開始村との接続
NPC-W21-001,W-021,イオリ,Iori_W21,閉鐘都から来た実務監,事故記録の一部を自分で削った,30,18,down,key,5,"CL-053,CL-054",,,"疲弊した実務家。最後の責任を取ろうとする",ここでは印も帳面も溶ける。……残るのは、誰を迎えに来たかだけだ。,ほどけの縁。W-019イオリと同一人物
NPC-W21-002,W-021,ツグラ,Tsugura_W21,黒布巡礼の先導,ここで初めて姉の本名を口にし損ねた,22,24,right,key,4,CL-054,,,"苦悩の末に辿り着いた",姉の名を呼ぼうとした。……声が出なかった。ここでは、名前が先にほどける。,ほどけの縁。W-015ツグラと同一人物
NPC-W21-003,W-021,ナギサ,Nagisa_W21,二署側の照合役,主人公の村の処理帳原本を隠し持つ,36,16,left,key,5,"CL-053,CL-054",,,"最後まで記録を手放さない",原本はここにある。……最後に開くのは、あなただ。,ほどけの縁。W-020ナギサと同一人物
NPC-W21-004,W-021,マシラ,Mashira_W21,鏡森調査隊の生き残り,campごとに違う証言をした,28,28,up,key,3,CL-053,,,"正気を保とうとする必死さ",見たものが正しいか分からない。……でも、見た。それだけは確かだ。,ほどけの縁。W-014マシラと同一人物
NPC-W21-005,W-021,カジ,Kaji_W21,開始村の家族代表,せめて誰を待っていたか確定したい,34,22,down,key,4,CL-054,,,"静かな覚悟",戻ってきてほしい。……でも、終わってほしいとも思う。両方、本当だ。,ほどけの縁。開始村カジと同一人物
NPC-W21-006,W-021,ハクエン,Hakuen,白杭観測列の記録係,歪み反応を数字で記録する,24,20,right,minor,2,CL-053,,,"冷静で学究的",ここでは数字も溶ける。……記録する意味があるのか、もう分からない。,ほどけの縁・FAC-02 camp
NPC-W21-007,W-021,ソメ,Some,帳棚仮市の書記,所属断片を押さえようとする,38,14,left,minor,2,CL-053,,,"几帳面だが崩壊寸前",帳面が白くなっていく。……書いた字が消える。,ほどけの縁・FAC-03 camp
NPC-W21-008,W-021,ユカリ,Yukari,灰幕営の祈祷師,死でも帰還でもない者の待ち方を主張,32,26,up,minor,2,CL-054,,,"穏やかだが譲らない",待つのは信仰ではない。……待つしかないだけだ。,ほどけの縁・FAC-04 camp
NPC-W21-009,W-021,テッカ,Tekka,骨車泊の運び屋,遺留品と白泥試料を高値で売る,20,22,down,minor,2,,,,"逞しく欲深い",ここの泥は高く売れる。……なぜかって？　溶けた名前が混じってるからさ。,ほどけの縁・FAC-06 camp
NPC-W21-010,W-021,シノブ,Shinobu,家印小幕の老婆,家名と相続権の証拠を取り戻したい,26,30,right,minor,2,,,,"頑固で家への執着が強い",家の印がほどける前に持ち帰りたい。……間に合うか分からないけど。,ほどけの縁・FAC-01/07 camp
NPC-W21-011,W-021,コウジ,Kouji,白縁前営の道具屋,仮札と最低限の装備を売る,28,16,left,merchant,2,,SHP-W21-001,,"実務的で言葉少ない",ここで売れるものは少ない。……名前も印も、すぐ溶けるからな。,ほどけの縁・道具屋
NPC-W21-012,W-021,レイ,Rei,境界の医者,echoと白泥の影響を治療する,34,28,right,healer,2,,SHP-W21-002,SVC-W21-HEAL,"静かで覚悟がある",ここでは傷の治りが遅い。……名前が溶けると、体も曖昧になる。,ほどけの縁・回復
